word,source,language,datetime
psychologism.,"file:///mnt/onboard/Mills, C. Wright/Sociological Imagination, The - C. Wright Mills.epub",-en,2021-08-13T04:58:34Z
optative,"file:///mnt/onboard/Mills, C. Wright/Sociological Imagination, The - C. Wright Mills.epub",-en,2021-08-14T20:41:26Z
coyly,"file:///mnt/onboard/Mills, C. Wright/Sociological Imagination, The - C. Wright Mills.epub",-en,2021-08-15T00:19:00Z
pecuniary,"file:///mnt/onboard/Mills, C. Wright/Sociological Imagination, The - C. Wright Mills.epub",-en,2021-08-15T00:35:51Z
fructifying,"file:///mnt/onboard/Mills, C. Wright/Sociological Imagination, The - C. Wright Mills.epub",-en,2021-08-16T04:12:25Z
adroit,"file:///mnt/onboard/Mills, C. Wright/Sociological Imagination, The - C. Wright Mills.epub",-en,2021-08-16T04:15:08Z
dilettantish.,"file:///mnt/onboard/Mills, C. Wright/Sociological Imagination, The - C. Wright Mills.epub",-en,2021-08-17T03:25:58Z
quiescent,"file:///mnt/onboard/Mills, C. Wright/Sociological Imagination, The - C. Wright Mills.epub",-en,2021-08-17T03:50:46Z
betoken,"file:///mnt/onboard/Mills, C. Wright/Sociological Imagination, The - C. Wright Mills.epub",-en,2021-08-17T15:59:58Z
prelapsarian,"file:///mnt/onboard/Fisher, Mark/Capitalist Realism - Mark Fisher.epub",-en,2021-08-18T02:10:43Z
aporias,"file:///mnt/onboard/Fisher, Mark/Capitalist Realism - Mark Fisher.epub",-en,2021-08-18T03:08:35Z
atavism,"file:///mnt/onboard/Fisher, Mark/Capitalist Realism - Mark Fisher.epub",-en,2021-08-18T17:17:47Z
quotidian,"file:///mnt/onboard/Fisher, Mark/Capitalist Realism - Mark Fisher.epub",-en,2021-08-18T17:23:46Z
incredulity,"file:///mnt/onboard/Fisher, Mark/Capitalist Realism - Mark Fisher.epub",-en,2021-08-18T17:24:43Z
metanarratives,"file:///mnt/onboard/Fisher, Mark/Capitalist Realism - Mark Fisher.epub",-en,2021-08-18T17:24:59Z
semiotic,"file:///mnt/onboard/Fisher, Mark/Capitalist Realism - Mark Fisher.epub",-en,2021-08-18T21:35:36Z
quango,"file:///mnt/onboard/Fisher, Mark/Capitalist Realism - Mark Fisher.epub",-en,2021-08-18T21:36:15Z
introjection,"file:///mnt/onboard/Fisher, Mark/Capitalist Realism - Mark Fisher.epub",-en,2021-08-18T21:40:55Z
denigration.,"file:///mnt/onboard/Fisher, Mark/Capitalist Realism - Mark Fisher.epub",-en,2021-08-18T21:41:30Z
assiduously,"file:///mnt/onboard/Fisher, Mark/Capitalist Realism - Mark Fisher.epub",-en,2021-08-18T21:46:22Z
confabulations,"file:///mnt/onboard/Fisher, Mark/Capitalist Realism - Mark Fisher.epub",-en,2021-08-19T02:37:02Z
arduous,"file:///mnt/onboard/Fisher, Mark/Capitalist Realism - Mark Fisher.epub",-en,2021-08-19T02:40:47Z
repudiation,"file:///mnt/onboard/Fisher, Mark/Capitalist Realism - Mark Fisher.epub",-en,2021-08-19T02:41:18Z
neoliberalism,"file:///mnt/onboard/Fisher, Mark/Capitalist Realism - Mark Fisher.epub",-en,2021-08-19T02:41:37Z
simulacra,"file:///mnt/onboard/Fisher, Mark/Capitalist Realism - Mark Fisher.epub",-en,2021-08-19T02:43:40Z
evanescent,"file:///mnt/onboard/Fisher, Mark/Capitalist Realism - Mark Fisher.epub",-en,2021-08-19T02:46:07Z
extirpation,"file:///mnt/onboard/Fisher, Mark/Capitalist Realism - Mark Fisher.epub",-en,2021-08-19T02:46:53Z
lacunae,"file:///mnt/onboard/Fisher, Mark/Capitalist Realism - Mark Fisher.epub",-en,2021-08-19T02:49:15Z
deracinates,"file:///mnt/onboard/Fisher, Mark/Capitalist Realism - Mark Fisher.epub",-en,2021-08-19T02:50:41Z
dissimulation:,"file:///mnt/onboard/Fisher, Mark/Capitalist Realism - Mark Fisher.epub",-en,2021-08-19T03:02:45Z
superciliousness,"file:///mnt/onboard/Fisher, Mark/Capitalist Realism - Mark Fisher.epub",-en,2021-08-19T03:10:56Z
moribund,"file:///mnt/onboard/Fisher, Mark/Capitalist Realism - Mark Fisher.epub",-en,2021-08-19T03:11:08Z
abnegate,"file:///mnt/onboard/Fisher, Mark/Capitalist Realism - Mark Fisher.epub",-en,2021-08-19T03:16:36Z
anodyne,"file:///mnt/onboard/Fisher, Mark/Capitalist Realism - Mark Fisher.epub",-en,2021-08-19T03:16:48Z
cretinous,"file:///mnt/onboard/Fisher, Mark/Capitalist Realism - Mark Fisher.epub",-en,2021-08-19T03:26:21Z
"affluent,","file:///mnt/onboard/Anderson, Elijah/Code of the Street - Elijah Anderson.epub",-en,2021-08-19T03:39:32Z
belie,"file:///mnt/onboard/Anderson, Elijah/Code of the Street - Elijah Anderson.epub",-en,2021-08-19T03:45:26Z
"aplomb,","file:///mnt/onboard/Anderson, Elijah/Code of the Street - Elijah Anderson.epub",-en,2021-08-19T03:53:03Z
imputations,"file:///mnt/onboard/Anderson, Elijah/Code of the Street - Elijah Anderson.epub",-en,2021-08-19T04:52:06Z
compunctions,"file:///mnt/onboard/Anderson, Elijah/Code of the Street - Elijah Anderson.epub",-en,2021-08-19T05:15:45Z
adjudicated?,"file:///mnt/onboard/Anderson, Elijah/Code of the Street - Elijah Anderson.epub",-en,2021-08-21T15:24:31Z
insouciance,"file:///mnt/onboard/Said, Edward W_/Orientalism - Edward W. Said.epub",-en,2021-08-21T15:44:59Z
jejune,"file:///mnt/onboard/Said, Edward W_/Orientalism - Edward W. Said.epub",-en,2021-08-21T15:45:05Z
imprecations,"file:///mnt/onboard/Said, Edward W_/Orientalism - Edward W. Said.epub",-en,2021-08-22T03:47:12Z
facile,"file:///mnt/onboard/Said, Edward W_/Orientalism - Edward W. Said.epub",-en,2021-08-22T03:48:25Z
veridic,"file:///mnt/onboard/Said, Edward W_/Orientalism - Edward W. Said.epub",-en,2021-08-22T04:03:10Z
doxological,"file:///mnt/onboard/Said, Edward W_/Orientalism - Edward W. Said.epub",-en,2021-08-23T05:16:52Z
fain,"file:///mnt/onboard/Figes, Orlando/Crimean War, The - Orlando Figes.epub",-en,2021-08-28T04:58:25Z
"probity,","file:///mnt/onboard/Figes, Orlando/Crimean War, The - Orlando Figes.epub",-en,2021-08-28T04:59:07Z
obscurantism,"file:///mnt/onboard/Figes, Orlando/Crimean War, The - Orlando Figes.epub",-en,2021-08-28T05:02:17Z
amiable,"file:///mnt/onboard/Figes, Orlando/Crimean War, The - Orlando Figes.epub",-en,2021-08-29T05:22:30Z
pertinacity,"file:///mnt/onboard/Figes, Orlando/Crimean War, The - Orlando Figes.epub",-en,2021-08-31T04:38:32Z
dragoman,"file:///mnt/onboard/Figes, Orlando/Crimean War, The - Orlando Figes.epub",-en,2021-08-31T04:45:25Z
perfidious,"file:///mnt/onboard/Figes, Orlando/Crimean War, The - Orlando Figes.epub",-en,2021-09-01T04:18:35Z
stentorian,"file:///mnt/onboard/Figes, Orlando/Crimean War, The - Orlando Figes.epub",-en,2021-09-02T04:49:00Z
succour;,"file:///mnt/onboard/Figes, Orlando/Crimean War, The - Orlando Figes.epub",-en,2021-09-02T04:53:13Z
visage.,"file:///mnt/onboard/Figes, Orlando/Crimean War, The - Orlando Figes.epub",-en,2021-09-03T17:25:19Z
gabions,"file:///mnt/onboard/Figes, Orlando/Crimean War, The - Orlando Figes.epub",-en,2021-09-04T04:08:51Z
fascines,"file:///mnt/onboard/Figes, Orlando/Crimean War, The - Orlando Figes.epub",-en,2021-09-04T04:09:04Z
ardent,"file:///mnt/onboard/Figes, Orlando/Crimean War, The - Orlando Figes.epub",-en,2021-09-04T04:22:29Z
priest;,"file:///mnt/onboard/Figes, Orlando/Crimean War, The - Orlando Figes.epub",-en,2021-09-04T14:00:54Z
"physiognomies,","file:///mnt/onboard/Figes, Orlando/Crimean War, The - Orlando Figes.epub",-en,2021-09-04T20:24:04Z
strictures,"file:///mnt/onboard/Figes, Orlando/Crimean War, The - Orlando Figes.epub",-en,2021-09-04T20:58:04Z
macadam,"file:///mnt/onboard/Figes, Orlando/Crimean War, The - Orlando Figes.epub",-en,2021-09-04T21:00:57Z
Albion,"file:///mnt/onboard/Figes, Orlando/Crimean War, The - Orlando Figes.epub",-en,2021-09-04T21:03:30Z
firman,"file:///mnt/onboard/Figes, Orlando/Crimean War, The - Orlando Figes.epub",-en,2021-09-05T01:29:51Z
didactic,"file:///mnt/onboard/Figes, Orlando/Crimean War, The - Orlando Figes.epub",-en,2021-09-07T12:04:00Z
claptrap.,"file:///mnt/onboard/Parenti, Michael/Blackshirts and Reds_ Rational Fascism and the Overthrow of Communism - Michael Parenti.epub",-en,2021-09-09T03:31:49Z
"reactionaries,","file:///mnt/onboard/Parenti, Michael/Blackshirts and Reds_ Rational Fascism and the Overthrow of Communism - Michael Parenti.epub",-en,2021-09-09T03:40:28Z
factitious,"file:///mnt/onboard/Parenti, Michael/Blackshirts and Reds_ Rational Fascism and the Overthrow of Communism - Michael Parenti.epub",-en,2021-09-09T03:47:41Z
"cognoscenti,","file:///mnt/onboard/Parenti, Michael/Blackshirts and Reds_ Rational Fascism and the Overthrow of Communism - Michael Parenti.epub",-en,2021-09-09T03:48:06Z
"chattel,","file:///mnt/onboard/Parenti, Michael/Blackshirts and Reds_ Rational Fascism and the Overthrow of Communism - Michael Parenti.epub",-en,2021-09-10T12:34:54Z
"genuflection,","file:///mnt/onboard/Parenti, Michael/Blackshirts and Reds_ Rational Fascism and the Overthrow of Communism - Michael Parenti.epub",-en,2021-09-11T01:12:20Z
groupuscule.,"file:///mnt/onboard/Parenti, Michael/Blackshirts and Reds_ Rational Fascism and the Overthrow of Communism - Michael Parenti.epub",-en,2021-09-11T02:06:56Z
seamier,"file:///mnt/onboard/Parenti, Michael/Blackshirts and Reds_ Rational Fascism and the Overthrow of Communism - Michael Parenti.epub",-en,2021-09-12T04:02:16Z
vituperation,"file:///mnt/onboard/Parenti, Michael/Blackshirts and Reds_ Rational Fascism and the Overthrow of Communism - Michael Parenti.epub",-en,2021-09-12T04:06:54Z
refuseniks,"file:///mnt/onboard/Parenti, Michael/Blackshirts and Reds_ Rational Fascism and the Overthrow of Communism - Michael Parenti.epub",-en,2021-09-13T04:40:15Z
chiliastic,"file:///mnt/onboard/Parenti, Michael/Blackshirts and Reds_ Rational Fascism and the Overthrow of Communism - Michael Parenti.epub",-en,2021-09-14T00:26:31Z
penury.,"file:///mnt/onboard/Parenti, Michael/Blackshirts and Reds_ Rational Fascism and the Overthrow of Communism - Michael Parenti.epub",-en,2021-09-14T00:35:35Z
epiphenomenal,"file:///mnt/onboard/Parenti, Michael/Blackshirts and Reds_ Rational Fascism and the Overthrow of Communism - Michael Parenti.epub",-en,2021-09-14T00:48:33Z
idiosyncratic,"file:///mnt/onboard/Parenti, Michael/Blackshirts and Reds_ Rational Fascism and the Overthrow of Communism - Michael Parenti.epub",-en,2021-09-14T00:48:48Z
utopian.,"file:///mnt/onboard/Parenti, Michael/Blackshirts and Reds_ Rational Fascism and the Overthrow of Communism - Michael Parenti.epub",-en,2021-09-14T00:51:49Z
verboten,"file:///mnt/onboard/Parenti, Michael/Blackshirts and Reds_ Rational Fascism and the Overthrow of Communism - Michael Parenti.epub",-en,2021-09-14T00:56:33Z
profligacy,"file:///mnt/onboard/Parenti, Michael/Blackshirts and Reds_ Rational Fascism and the Overthrow of Communism - Michael Parenti.epub",-en,2021-09-14T00:57:04Z
chimera,"file:///mnt/onboard/Parenti, Michael/Blackshirts and Reds_ Rational Fascism and the Overthrow of Communism - Michael Parenti.epub",-en,2021-09-14T01:11:04Z
moment.,"file:///mnt/onboard/Parenti, Michael/Blackshirts and Reds_ Rational Fascism and the Overthrow of Communism - Michael Parenti.epub",-en,2021-09-14T01:11:16Z
chivvied,"file:///mnt/onboard/Cornwell, Bernard/Last Kingdom, The - Bernard Cornwell.epub",-en,2021-09-14T20:31:28Z
morose,"file:///mnt/onboard/Cornwell, Bernard/Last Kingdom, The - Bernard Cornwell.epub",-en,2021-09-14T20:34:46Z
grim,"file:///mnt/onboard/Cornwell, Bernard/Last Kingdom, The - Bernard Cornwell.epub",-en,2021-09-14T20:42:38Z
"shieling,","file:///mnt/onboard/Cornwell, Bernard/Last Kingdom, The - Bernard Cornwell.epub",-en,2021-09-14T20:51:20Z
reprovingly,"file:///mnt/onboard/Cornwell, Bernard/Last Kingdom, The - Bernard Cornwell.epub",-en,2021-09-14T21:28:37Z
rapaciously.,"file:///mnt/onboard/Cornwell, Bernard/Last Kingdom, The - Bernard Cornwell.epub",-en,2021-09-15T04:23:18Z
withies,"file:///mnt/onboard/Cornwell, Bernard/Last Kingdom, The - Bernard Cornwell.epub",-en,2021-09-15T18:44:02Z
reeve,"file:///mnt/onboard/Cornwell, Bernard/Last Kingdom, The - Bernard Cornwell.epub",-en,2021-09-15T18:51:40Z
"turves,","file:///mnt/onboard/Cornwell, Bernard/Last Kingdom, The - Bernard Cornwell.epub",-en,2021-09-15T18:57:56Z
combe,"file:///mnt/onboard/Cornwell, Bernard/Last Kingdom, The - Bernard Cornwell.epub",-en,2021-09-16T10:38:00Z
mettlesome,"file:///mnt/onboard/Tacitus & Tacitus & Mattingly, Harold & Rives, J.B_/Agricola and the Germania - Tacitus & Harold Mattingly & J.B. Rives.epub",-en,2021-09-17T13:08:52Z
loiter,"file:///mnt/onboard/Wright, Richard/Black Boy - Richard Wright.epub",-en,2021-09-17T16:08:36Z
asafetida,"file:///mnt/onboard/Wright, Richard/Black Boy - Richard Wright.epub",-en,2021-09-18T03:37:47Z
roundhouse,"file:///mnt/onboard/Wright, Richard/Black Boy - Richard Wright.epub",-en,2021-09-18T03:47:59Z
walleyed,"file:///mnt/onboard/Wright, Richard/Black Boy - Richard Wright.epub",-en,2021-09-18T05:09:35Z
urbanity,"file:///mnt/onboard/Wright, Richard/Black Boy - Richard Wright.epub",-en,2021-09-20T03:47:29Z
passional,"file:///mnt/onboard/Wright, Richard/Black Boy - Richard Wright.epub",-en,2021-09-20T14:11:41Z
mellifluous,"file:///mnt/onboard/Ludlum, Robert/Bourne Identity, The - Robert Ludlum.epub",-en,2021-09-21T00:17:05Z
ebullient,"file:///mnt/onboard/Ludlum, Robert/Bourne Identity, The - Robert Ludlum.epub",-en,2021-09-21T04:02:54Z
sacristy.,"file:///mnt/onboard/Ludlum, Robert/Bourne Identity, The - Robert Ludlum.epub",-en,2021-09-23T03:37:43Z
"Savonarola,","file:///mnt/onboard/Ludlum, Robert/Bourne Identity, The - Robert Ludlum.epub",-en,2021-09-23T04:32:17Z
seedily,"file:///mnt/onboard/Ludlum, Robert/Bourne Identity, The - Robert Ludlum.epub",-en,2021-09-24T03:22:39Z
spoors,"file:///mnt/onboard/Ludlum, Robert/Bourne Identity, The - Robert Ludlum.epub",-en,2021-09-24T03:24:05Z
groundswell.,"file:///mnt/onboard/Ludlum, Robert/Bourne Identity, The - Robert Ludlum.epub",-en,2021-09-25T04:13:31Z
fatuous,"file:///mnt/onboard/Ludlum, Robert/Bourne Identity, The - Robert Ludlum.epub",-en,2021-09-26T23:22:41Z
parsimonious,"file:///mnt/onboard/Fukuyama, Francis/Origins of Political Order, The - Fukuyama, Francis.epub",-en,2021-09-28T15:44:52Z
obeisance,"file:///mnt/onboard/Fukuyama, Francis/Origins of Political Order, The - Fukuyama, Francis.epub",-en,2021-09-29T03:16:01Z
"agnation,","file:///mnt/onboard/Fukuyama, Francis/Origins of Political Order, The - Fukuyama, Francis.epub",-en,2021-09-29T03:35:01Z
exogamous,"file:///mnt/onboard/Fukuyama, Francis/Origins of Political Order, The - Fukuyama, Francis.epub",-en,2021-09-29T03:57:52Z
patrilocal.,"file:///mnt/onboard/Fukuyama, Francis/Origins of Political Order, The - Fukuyama, Francis.epub",-en,2021-09-29T03:57:59Z
usufructuary,"file:///mnt/onboard/Fukuyama, Francis/Origins of Political Order, The - Fukuyama, Francis.epub",-en,2021-09-30T04:30:27Z
chattels,"file:///mnt/onboard/Fukuyama, Francis/Origins of Political Order, The - Fukuyama, Francis.epub",-en,2021-09-30T17:49:28Z
acephalous,"file:///mnt/onboard/Fukuyama, Francis/Origins of Political Order, The - Fukuyama, Francis.epub",-en,2021-09-30T18:10:32Z
anomic,"file:///mnt/onboard/Fukuyama, Francis/Origins of Political Order, The - Fukuyama, Francis.epub",-en,2021-09-30T18:54:51Z
"appanage,","file:///mnt/onboard/Fukuyama, Francis/Origins of Political Order, The - Fukuyama, Francis.epub",-en,2021-09-30T19:33:10Z
"benefice,","file:///mnt/onboard/Fukuyama, Francis/Origins of Political Order, The - Fukuyama, Francis.epub",-en,2021-09-30T19:33:24Z
cadastral,"file:///mnt/onboard/Fukuyama, Francis/Origins of Political Order, The - Fukuyama, Francis.epub",-en,2021-09-30T19:46:24Z
corv√©e,"file:///mnt/onboard/Fukuyama, Francis/Origins of Political Order, The - Fukuyama, Francis.epub",-en,2021-09-30T19:55:34Z
contumacious,"file:///mnt/onboard/Fukuyama, Francis/Origins of Political Order, The - Fukuyama, Francis.epub",-en,2021-09-30T20:00:22Z
precociously,"file:///mnt/onboard/Fukuyama, Francis/Origins of Political Order, The - Fukuyama, Francis.epub",-en,2021-09-30T20:28:03Z
execrated,"file:///mnt/onboard/Fukuyama, Francis/Origins of Political Order, The - Fukuyama, Francis.epub",-en,2021-09-30T22:56:22Z
enfeoffed,"file:///mnt/onboard/Fukuyama, Francis/Origins of Political Order, The - Fukuyama, Francis.epub",-en,2021-09-30T23:01:54Z
latifundia,"file:///mnt/onboard/Fukuyama, Francis/Origins of Political Order, The - Fukuyama, Francis.epub",-en,2021-09-30T23:14:32Z
endogamous,"file:///mnt/onboard/Fukuyama, Francis/Origins of Political Order, The - Fukuyama, Francis.epub",-en,2021-10-01T02:08:28Z
sacralization,"file:///mnt/onboard/Fukuyama, Francis/Origins of Political Order, The - Fukuyama, Francis.epub",-en,2021-10-01T02:08:48Z
acerbic,"file:///mnt/onboard/Fukuyama, Francis/Origins of Political Order, The - Fukuyama, Francis.epub",-en,2021-10-01T02:41:14Z
ashrams.,"file:///mnt/onboard/Fukuyama, Francis/Origins of Political Order, The - Fukuyama, Francis.epub",-en,2021-10-01T02:46:57Z
parvenu,"file:///mnt/onboard/Fukuyama, Francis/Origins of Political Order, The - Fukuyama, Francis.epub",-en,2021-10-02T20:05:37Z
levirate.,"file:///mnt/onboard/Fukuyama, Francis/Origins of Political Order, The - Fukuyama, Francis.epub",-en,2021-10-03T00:35:51Z
waqfs,"file:///mnt/onboard/Fukuyama, Francis/Origins of Political Order, The - Fukuyama, Francis.epub",-en,2021-10-03T00:38:18Z
seigneurial,"file:///mnt/onboard/Fukuyama, Francis/Origins of Political Order, The - Fukuyama, Francis.epub",-en,2021-10-03T01:08:50Z
muniment,"file:///mnt/onboard/Fukuyama, Francis/Origins of Political Order, The - Fukuyama, Francis.epub",-en,2021-10-03T01:12:05Z
millenarian,"file:///mnt/onboard/Fukuyama, Francis/Origins of Political Order, The - Fukuyama, Francis.epub",-en,2021-10-03T01:54:08Z
benefice,"file:///mnt/onboard/Fukuyama, Francis/Origins of Political Order, The - Fukuyama, Francis.epub",-en,2021-10-03T02:15:18Z
dirigiste,"file:///mnt/onboard/Fukuyama, Francis/Origins of Political Order, The - Fukuyama, Francis.epub",-en,2021-10-03T02:28:08Z
ulama,"file:///mnt/onboard/Fukuyama, Francis/Origins of Political Order, The - Fukuyama, Francis.epub",-en,2021-10-03T02:36:12Z
"panditas,","file:///mnt/onboard/Fukuyama, Francis/Origins of Political Order, The - Fukuyama, Francis.epub",-en,2021-10-03T02:37:47Z
clerisy,"file:///mnt/onboard/Fukuyama, Francis/Origins of Political Order, The - Fukuyama, Francis.epub",-en,2021-10-03T02:41:41Z
kadis,"file:///mnt/onboard/Fukuyama, Francis/Origins of Political Order, The - Fukuyama, Francis.epub",-en,2021-10-03T02:43:46Z
mufti.,"file:///mnt/onboard/Fukuyama, Francis/Origins of Political Order, The - Fukuyama, Francis.epub",-en,2021-10-03T02:43:52Z
"fatwas,","file:///mnt/onboard/Fukuyama, Francis/Origins of Political Order, The - Fukuyama, Francis.epub",-en,2021-10-03T02:44:11Z
"intestate,","file:///mnt/onboard/Fukuyama, Francis/Origins of Political Order, The - Fukuyama, Francis.epub",-en,2021-10-03T02:46:02Z
memorialists,"file:///mnt/onboard/Fukuyama, Francis/Origins of Political Order, The - Fukuyama, Francis.epub",-en,2021-10-03T12:14:27Z
"profligate,","file:///mnt/onboard/Fukuyama, Francis/Origins of Political Order, The - Fukuyama, Francis.epub",-en,2021-10-04T03:28:10Z
venality,"file:///mnt/onboard/Fukuyama, Francis/Origins of Political Order, The - Fukuyama, Francis.epub",-en,2021-10-04T04:16:30Z
physiocrat,"file:///mnt/onboard/Fukuyama, Francis/Origins of Political Order, The - Fukuyama, Francis.epub",-en,2021-10-04T14:36:20Z
creole,"file:///mnt/onboard/Fukuyama, Francis/Origins of Political Order, The - Fukuyama, Francis.epub",-en,2021-10-05T01:29:38Z
spandrel,"file:///mnt/onboard/Fukuyama, Francis/Origins of Political Order, The - Fukuyama, Francis.epub",-en,2021-10-06T03:02:06Z
diachronic,"file:///mnt/onboard/Fukuyama, Francis/Origins of Political Order, The - Fukuyama, Francis.epub",-en,2021-10-06T15:00:55Z
offal.,"file:///mnt/onboard/Cornwell, Bernard/Pale Horseman, The - Bernard Cornwell.epub",-en,2021-10-06T18:58:58Z
"strakes,","file:///mnt/onboard/Cornwell, Bernard/Pale Horseman, The - Bernard Cornwell.epub",-en,2021-10-07T02:19:49Z
reprove,"file:///mnt/onboard/Cornwell, Bernard/Pale Horseman, The - Bernard Cornwell.epub",-en,2021-10-07T21:23:35Z
"precentor,","file:///mnt/onboard/Cornwell, Bernard/Pale Horseman, The - Bernard Cornwell.epub",-en,2021-10-08T03:48:31Z
decorous,"file:///mnt/onboard/Cornwell, Bernard/Pale Horseman, The - Bernard Cornwell.epub",-en,2021-10-08T04:02:08Z
"inexorable,","file:///mnt/onboard/Cornwell, Bernard/Pale Horseman, The - Bernard Cornwell.epub",-en,2021-10-08T04:59:07Z
"bumptious,","file:///mnt/onboard/Cornwell, Bernard/Pale Horseman, The - Bernard Cornwell.epub",-en,2021-10-08T14:02:38Z
leverets,"file:///mnt/onboard/Cornwell, Bernard/Pale Horseman, The - Bernard Cornwell.epub",-en,2021-10-08T16:35:11Z
pernicious,"file:///mnt/onboard/Cornwell, Bernard/Lords of the North, The - Bernard Cornwell.epub",-en,2021-10-09T06:06:02Z
skeins,"file:///mnt/onboard/Cornwell, Bernard/Lords of the North, The - Bernard Cornwell.epub",-en,2021-10-09T06:10:42Z
ignominiously,"file:///mnt/onboard/Cornwell, Bernard/Lords of the North, The - Bernard Cornwell.epub",-en,2021-10-09T06:15:26Z
ague,"file:///mnt/onboard/Cornwell, Bernard/Lords of the North, The - Bernard Cornwell.epub",-en,2021-10-09T13:18:13Z
clout,"file:///mnt/onboard/Cornwell, Bernard/Lords of the North, The - Bernard Cornwell.epub",-en,2021-10-09T13:36:41Z
lascivious,"file:///mnt/onboard/Cornwell, Bernard/Lords of the North, The - Bernard Cornwell.epub",-en,2021-10-10T17:58:54Z
sticklebacks,"file:///mnt/onboard/Cornwell, Bernard/Lords of the North, The - Bernard Cornwell.epub",-en,2021-10-10T18:17:21Z
crag.,"file:///mnt/onboard/Cornwell, Bernard/Lords of the North, The - Bernard Cornwell.epub",-en,2021-10-10T23:33:08Z
voluble.,"file:///mnt/onboard/Cornwell, Bernard/Lords of the North, The - Bernard Cornwell.epub",-en,2021-10-11T02:05:42Z
"lugubrious,","file:///mnt/onboard/Cornwell, Bernard/Lords of the North, The - Bernard Cornwell.epub",-en,2021-10-11T03:06:25Z
fistula,"file:///mnt/onboard/Cornwell, Bernard/Lords of the North, The - Bernard Cornwell.epub",-en,2021-10-11T03:08:00Z
impertinent,"file:///mnt/onboard/Cornwell, Bernard/Lords of the North, The - Bernard Cornwell.epub",-en,2021-10-11T03:25:40Z
"asperity,","file:///mnt/onboard/Cornwell, Bernard/Lords of the North, The - Bernard Cornwell.epub",-en,2021-10-11T03:27:33Z
solemnised,"file:///mnt/onboard/Cornwell, Bernard/Lords of the North, The - Bernard Cornwell.epub",-en,2021-10-11T03:33:08Z
baleful,"file:///mnt/onboard/Cornwell, Bernard/Lords of the North, The - Bernard Cornwell.epub",-en,2021-10-11T03:40:30Z
"dotage,","file:///mnt/onboard/Cornwell, Bernard/Lords of the North, The - Bernard Cornwell.epub",-en,2021-10-11T04:45:28Z
"keening,","file:///mnt/onboard/Cornwell, Bernard/Lords of the North, The - Bernard Cornwell.epub",-en,2021-10-11T19:19:07Z
vixen,"file:///mnt/onboard/Cornwell, Bernard/Sword Song - Bernard Cornwell.epub",-en,2021-10-12T00:45:30Z
grapnel,"file:///mnt/onboard/Cornwell, Bernard/Sword Song - Bernard Cornwell.epub",-en,2021-10-12T01:48:57Z
distaff.,"file:///mnt/onboard/Cornwell, Bernard/Sword Song - Bernard Cornwell.epub",-en,2021-10-12T03:21:36Z
"Coot,","file:///mnt/onboard/Cornwell, Bernard/Sword Song - Bernard Cornwell.epub",-en,2021-10-12T03:23:47Z
moorhen,"file:///mnt/onboard/Cornwell, Bernard/Sword Song - Bernard Cornwell.epub",-en,2021-10-12T03:23:53Z
dabchicks,"file:///mnt/onboard/Cornwell, Bernard/Sword Song - Bernard Cornwell.epub",-en,2021-10-12T03:24:06Z
risible.,"file:///mnt/onboard/Cornwell, Bernard/Sword Song - Bernard Cornwell.epub",-en,2021-10-12T04:16:29Z
petulant,"file:///mnt/onboard/Cornwell, Bernard/Sword Song - Bernard Cornwell.epub",-en,2021-10-12T04:16:41Z
unshriven.,"file:///mnt/onboard/Cornwell, Bernard/Sword Song - Bernard Cornwell.epub",-en,2021-10-12T19:49:54Z
trews.,"file:///mnt/onboard/Cornwell, Bernard/Sword Song - Bernard Cornwell.epub",-en,2021-10-12T20:17:18Z
asperity,"file:///mnt/onboard/Cornwell, Bernard/Sword Song - Bernard Cornwell.epub",-en,2021-10-13T00:11:31Z
puerile.,"file:///mnt/onboard/Cornwell, Bernard/Sword Song - Bernard Cornwell.epub",-en,2021-10-13T00:16:17Z
supercilious,"file:///mnt/onboard/Cornwell, Bernard/Sword Song - Bernard Cornwell.epub",-en,2021-10-13T03:29:34Z
lassitude,"file:///mnt/onboard/Cornwell, Bernard/Sword Song - Bernard Cornwell.epub",-en,2021-10-14T03:25:10Z
reproof,"file:///mnt/onboard/Cornwell, Bernard/Sword Song - Bernard Cornwell.epub",-en,2021-10-14T03:59:39Z
wan,"file:///mnt/onboard/Cornwell, Bernard/Sword Song - Bernard Cornwell.epub",-en,2021-10-14T04:04:33Z
blithely,"file:///mnt/onboard/Cornwell, Bernard/Sword Song - Bernard Cornwell.epub",-en,2021-10-14T04:17:41Z
propitiate,"file:///mnt/onboard/Cornwell, Bernard/Sword Song - Bernard Cornwell.epub",-en,2021-10-14T18:06:56Z
homily.,"file:///mnt/onboard/Cornwell, Bernard/Sword Song - Bernard Cornwell.epub",-en,2021-10-14T18:12:37Z
limpid,"file:///mnt/onboard/Cornwell, Bernard/Sword Song - Bernard Cornwell.epub",-en,2021-10-14T18:34:03Z
discomfited,"file:///mnt/onboard/Cornwell, Bernard/Sword Song - Bernard Cornwell.epub",-en,2021-10-15T03:06:25Z
flensed,"file:///mnt/onboard/Cornwell, Bernard/Sword Song - Bernard Cornwell.epub",-en,2021-10-15T03:09:06Z
prise,"file:///mnt/onboard/Cornwell, Bernard/Sword Song - Bernard Cornwell.epub",-en,2021-10-15T03:27:22Z
"unctuously,","file:///mnt/onboard/Cornwell, Bernard/Sword Song - Bernard Cornwell.epub",-en,2021-10-15T03:39:43Z
wistful.,"file:///mnt/onboard/Cornwell, Bernard/Sword Song - Bernard Cornwell.epub",-en,2021-10-15T04:14:03Z
Lissom,"file:///mnt/onboard/Cornwell, Bernard/Sword Song - Bernard Cornwell.epub",-en,2021-10-15T04:16:07Z
shriven.,"file:///mnt/onboard/Cornwell, Bernard/Sword Song - Bernard Cornwell.epub",-en,2021-10-15T04:42:51Z
chided,"file:///mnt/onboard/Cornwell, Bernard/Sword Song - Bernard Cornwell.epub",-en,2021-10-15T04:43:07Z
"morass,","file:///mnt/onboard/Cornwell, Bernard/Sword Song - Bernard Cornwell.epub",-en,2021-10-15T16:12:32Z
stole,"file:///mnt/onboard/Cornwell, Bernard/Burning Land, The - Bernard Cornwell.epub",-en,2021-10-16T03:10:11Z
quirt,"file:///mnt/onboard/Cornwell, Bernard/Burning Land, The - Bernard Cornwell.epub",-en,2021-10-16T03:10:17Z
milksop,"file:///mnt/onboard/Cornwell, Bernard/Burning Land, The - Bernard Cornwell.epub",-en,2021-10-16T03:18:37Z
"ruminatively,","file:///mnt/onboard/Cornwell, Bernard/Burning Land, The - Bernard Cornwell.epub",-en,2021-10-16T03:19:55Z
plaintive,"file:///mnt/onboard/Cornwell, Bernard/Burning Land, The - Bernard Cornwell.epub",-en,2021-10-16T04:06:11Z
sozzled,"file:///mnt/onboard/Cornwell, Bernard/Burning Land, The - Bernard Cornwell.epub",-en,2021-10-16T04:11:51Z
capricious.,"file:///mnt/onboard/Cornwell, Bernard/Burning Land, The - Bernard Cornwell.epub",-en,2021-10-16T04:12:57Z
"sallow,","file:///mnt/onboard/Cornwell, Bernard/Burning Land, The - Bernard Cornwell.epub",-en,2021-10-17T03:40:14Z
"peremptorily,","file:///mnt/onboard/Cornwell, Bernard/Burning Land, The - Bernard Cornwell.epub",-en,2021-10-17T03:40:27Z
bedraggled,"file:///mnt/onboard/Cornwell, Bernard/Burning Land, The - Bernard Cornwell.epub",-en,2021-10-17T04:22:38Z
caterwauling.,"file:///mnt/onboard/Cornwell, Bernard/Burning Land, The - Bernard Cornwell.epub",-en,2021-10-17T04:26:48Z
abase,"file:///mnt/onboard/Cornwell, Bernard/Burning Land, The - Bernard Cornwell.epub",-en,2021-10-17T04:48:54Z
addled,"file:///mnt/onboard/Cornwell, Bernard/Burning Land, The - Bernard Cornwell.epub",-en,2021-10-17T04:52:22Z
moldering,"file:///mnt/onboard/Cornwell, Bernard/Burning Land, The - Bernard Cornwell.epub",-en,2021-10-17T05:18:26Z
plaintively.,"file:///mnt/onboard/Cornwell, Bernard/Burning Land, The - Bernard Cornwell.epub",-en,2021-10-17T05:21:37Z
wanly.,"file:///mnt/onboard/Cornwell, Bernard/Burning Land, The - Bernard Cornwell.epub",-en,2021-10-17T23:25:30Z
besotted,"file:///mnt/onboard/Cornwell, Bernard/Burning Land, The - Bernard Cornwell.epub",-en,2021-10-17T23:26:40Z
languorous.,"file:///mnt/onboard/Cornwell, Bernard/Burning Land, The - Bernard Cornwell.epub",-en,2021-10-17T23:37:41Z
capacious,"file:///mnt/onboard/Cornwell, Bernard/Burning Land, The - Bernard Cornwell.epub",-en,2021-10-18T03:50:09Z
cumber,"file:///mnt/onboard/Cornwell, Bernard/Burning Land, The - Bernard Cornwell.epub",-en,2021-10-19T01:02:55Z
"copse,","file:///mnt/onboard/Cornwell, Bernard/Death of Kings - Bernard Cornwell.epub",-en,2021-10-19T01:34:07Z
pottage,"file:///mnt/onboard/Cornwell, Bernard/Death of Kings - Bernard Cornwell.epub",-en,2021-10-19T01:39:32Z
reprovingly.,"file:///mnt/onboard/Cornwell, Bernard/Death of Kings - Bernard Cornwell.epub",-en,2021-10-19T01:44:04Z
"striplings,","file:///mnt/onboard/Cornwell, Bernard/Death of Kings - Bernard Cornwell.epub",-en,2021-10-19T01:55:36Z
"truculence,","file:///mnt/onboard/Cornwell, Bernard/Death of Kings - Bernard Cornwell.epub",-en,2021-10-19T02:01:06Z
keening,"file:///mnt/onboard/Cornwell, Bernard/Death of Kings - Bernard Cornwell.epub",-en,2021-10-19T04:04:03Z
spurious,"file:///mnt/onboard/Cornwell, Bernard/Death of Kings - Bernard Cornwell.epub",-en,2021-10-19T17:33:10Z
loam,"file:///mnt/onboard/Cornwell, Bernard/Death of Kings - Bernard Cornwell.epub",-en,2021-10-19T17:51:58Z
airily.,"file:///mnt/onboard/Cornwell, Bernard/Death of Kings - Bernard Cornwell.epub",-en,2021-10-19T18:14:35Z
spavined,"file:///mnt/onboard/Cornwell, Bernard/Death of Kings - Bernard Cornwell.epub",-en,2021-10-19T18:20:27Z
propitiously.,"file:///mnt/onboard/Cornwell, Bernard/Death of Kings - Bernard Cornwell.epub",-en,2021-10-19T20:25:28Z
"gable,","file:///mnt/onboard/Cornwell, Bernard/Death of Kings - Bernard Cornwell.epub",-en,2021-10-19T23:36:39Z
"risible,","file:///mnt/onboard/Cornwell, Bernard/Death of Kings - Bernard Cornwell.epub",-en,2021-10-20T03:15:23Z
silage,"file:///mnt/onboard/Cornwell, Bernard/Pagan Lord, The - Bernard Cornwell.epub",-en,2021-10-21T02:35:59Z
unctuous,"file:///mnt/onboard/Cornwell, Bernard/Pagan Lord, The - Bernard Cornwell.epub",-en,2021-10-22T04:27:04Z
inexorable.,"file:///mnt/onboard/Cornwell, Bernard/Pagan Lord, The - Bernard Cornwell.epub",-en,2021-10-22T05:24:38Z
exult.,"file:///mnt/onboard/Cornwell, Bernard/Pagan Lord, The - Bernard Cornwell.epub",-en,2021-10-22T16:30:20Z
sibilant,"file:///mnt/onboard/Cornwell, Bernard/Empty Throne, The - Bernard Cornwell.epub",-en,2021-10-22T19:27:56Z
wary,"file:///mnt/onboard/Cornwell, Bernard/Empty Throne, The - Bernard Cornwell.epub",-en,2021-10-22T20:58:31Z
churlishly.,"file:///mnt/onboard/Cornwell, Bernard/Empty Throne, The - Bernard Cornwell.epub",-en,2021-10-22T21:02:10Z
swiving,"file:///mnt/onboard/Cornwell, Bernard/Empty Throne, The - Bernard Cornwell.epub",-en,2021-10-24T05:30:11Z
Polecats.,"file:///mnt/onboard/Cornwell, Bernard/Empty Throne, The - Bernard Cornwell.epub",-en,2021-10-24T05:30:35Z
tupping,"file:///mnt/onboard/Cornwell, Bernard/Empty Throne, The - Bernard Cornwell.epub",-en,2021-10-24T05:35:25Z
fetlock,"file:///mnt/onboard/Cornwell, Bernard/Empty Throne, The - Bernard Cornwell.epub",-en,2021-10-25T01:18:42Z
"ermine,","file:///mnt/onboard/Cornwell, Bernard/Empty Throne, The - Bernard Cornwell.epub",-en,2021-10-25T01:18:57Z
splenetic,"file:///mnt/onboard/Cornwell, Bernard/Warriors of the Storm - Bernard Cornwell.epub",-en,2021-10-26T19:44:17Z
censorious,"file:///mnt/onboard/Cornwell, Bernard/Warriors of the Storm - Bernard Cornwell.epub",-en,2021-10-26T19:50:09Z
"headstrong,","file:///mnt/onboard/Cornwell, Bernard/Warriors of the Storm - Bernard Cornwell.epub",-en,2021-10-27T23:37:18Z
coppiced,"file:///mnt/onboard/Cornwell, Bernard/Warriors of the Storm - Bernard Cornwell.epub",-en,2021-10-28T02:46:50Z
flighty,"file:///mnt/onboard/Cornwell, Bernard/Warriors of the Storm - Bernard Cornwell.epub",-en,2021-10-28T03:08:09Z
bodged,"file:///mnt/onboard/Cornwell, Bernard/Warriors of the Storm - Bernard Cornwell.epub",-en,2021-10-28T03:44:13Z
"rancor,","file:///mnt/onboard/Cornwell, Bernard/Warriors of the Storm - Bernard Cornwell.epub",-en,2021-10-28T18:30:49Z
"reprovingly,","file:///mnt/onboard/Cornwell, Bernard/Flame Bearer, The - Bernard Cornwell.epub",-en,2021-10-29T03:04:29Z
trews,"file:///mnt/onboard/Cornwell, Bernard/Flame Bearer, The - Bernard Cornwell.epub",-en,2021-10-30T04:04:33Z
truculently.,"file:///mnt/onboard/Cornwell, Bernard/Flame Bearer, The - Bernard Cornwell.epub",-en,2021-10-30T22:10:16Z
doughty,"file:///mnt/onboard/Cornwell, Bernard/Flame Bearer, The - Bernard Cornwell.epub",-en,2021-11-02T03:12:44Z
slewed,"file:///mnt/onboard/Cornwell, Bernard/War of the Wolf - Bernard Cornwell.epub",-en,2021-11-02T21:32:47Z
churlish,"file:///mnt/onboard/Cornwell, Bernard/War of the Wolf - Bernard Cornwell.epub",-en,2021-11-04T03:43:52Z
"vivacity,","file:///mnt/onboard/Cornwell, Bernard/War of the Wolf - Bernard Cornwell.epub",-en,2021-11-09T18:27:10Z
blustery,"file:///mnt/onboard/Cornwell, Bernard/War of the Wolf - Bernard Cornwell.epub",-en,2021-11-10T17:35:19Z
lee,"file:///mnt/onboard/Cornwell, Bernard/War of the Wolf - Bernard Cornwell.epub",-en,2021-11-10T21:03:43Z
surly,"file:///mnt/onboard/Cornwell, Bernard/War of the Wolf - Bernard Cornwell.epub",-en,2021-11-11T04:43:49Z
disdaining,"file:///mnt/onboard/Cornwell, Bernard/War of the Wolf - Bernard Cornwell.epub",-en,2021-11-11T12:26:09Z
serviceable,"file:///mnt/onboard/Cornwell, Bernard/Sword of Kings - Bernard Cornwell.epub",-en,2021-11-12T04:31:54Z
"fatuous,","file:///mnt/onboard/Cornwell, Bernard/Sword of Kings - Bernard Cornwell.epub",-en,2021-11-14T02:00:17Z
"Castigating,","file:///mnt/onboard/Cornwell, Bernard/War Lord - Bernard Cornwell.epub",-en,2021-11-16T04:08:31Z
caparisoned,"file:///mnt/onboard/Cornwell, Bernard/War Lord - Bernard Cornwell.epub",-en,2021-11-18T04:16:42Z
supplication,"file:///mnt/onboard/Cornwell, Bernard/War Lord - Bernard Cornwell.epub",-en,2021-11-18T04:28:03Z
"pander,","file:///mnt/onboard/Graves, Robert/I, Claudius - Robert Graves.epub",-en,2021-11-20T06:52:57Z
malignity,"file:///mnt/onboard/Graves, Robert/I, Claudius - Robert Graves.epub",-en,2021-11-21T05:01:06Z
"alacrity,","file:///mnt/onboard/Graves, Robert/I, Claudius - Robert Graves.epub",-en,2021-11-21T05:09:01Z
"muleteer,","file:///mnt/onboard/Graves, Robert/I, Claudius - Robert Graves.epub",-en,2021-11-21T19:15:26Z
indignation,"file:///mnt/onboard/Graves, Robert/I, Claudius - Robert Graves.epub",-en,2021-11-21T19:15:40Z
declaim,"file:///mnt/onboard/Graves, Robert/I, Claudius - Robert Graves.epub",-en,2021-11-21T19:20:55Z
"passage,","file:///mnt/onboard/Graves, Robert/I, Claudius - Robert Graves.epub",-en,2021-11-21T19:55:03Z
contumely.,"file:///mnt/onboard/Graves, Robert/I, Claudius - Robert Graves.epub",-en,2021-11-21T20:04:35Z
timorous,"file:///mnt/onboard/Graves, Robert/I, Claudius - Robert Graves.epub",-en,2021-11-22T11:57:16Z
assegaied,"file:///mnt/onboard/Graves, Robert/I, Claudius - Robert Graves.epub",-en,2021-11-22T16:23:07Z
uxoriously,"file:///mnt/onboard/Graves, Robert/I, Claudius - Robert Graves.epub",-en,2021-11-23T09:02:19Z
catafalque,"file:///mnt/onboard/Graves, Robert/I, Claudius - Robert Graves.epub",-en,2021-11-25T22:01:04Z
expiation,"file:///mnt/onboard/Graves, Robert/I, Claudius - Robert Graves.epub",-en,2021-11-26T14:49:00Z
drubbing,"file:///mnt/onboard/Graves, Robert/I, Claudius - Robert Graves.epub",-en,2021-11-27T06:29:35Z
electrum,"file:///mnt/onboard/Graves, Robert/I, Claudius - Robert Graves.epub",-en,2021-11-27T16:49:28Z
equanimity,"file:///mnt/onboard/Coker, Margaret/Spymaster of Baghdad, The - Margaret Coker.epub",-en,2021-11-28T23:05:52Z
paeans,"file:///mnt/onboard/Coker, Margaret/Spymaster of Baghdad, The - Margaret Coker.epub",-en,2021-11-29T02:07:50Z
"porphyry,","file:///mnt/onboard/Norwich, John Julius/Byzantium_ The Early Centuries - John Julius Norwich.epub",-en,2021-11-29T04:46:06Z
malachite,"file:///mnt/onboard/Norwich, John Julius/Byzantium_ The Early Centuries - John Julius Norwich.epub",-en,2021-11-29T04:46:14Z
oreads,"file:///mnt/onboard/Miller, Madeline/Circe - Madeline Miller.epub",-en,2021-11-29T21:24:22Z
naiad,"file:///mnt/onboard/Miller, Madeline/Circe - Madeline Miller.epub",-en,2021-11-29T21:24:35Z
"dryads,","file:///mnt/onboard/Miller, Madeline/Circe - Madeline Miller.epub",-en,2021-11-29T21:57:31Z
ambrosia,"file:///mnt/onboard/Miller, Madeline/Circe - Madeline Miller.epub",-en,2021-11-30T01:58:41Z
etiolated.,"file:///mnt/onboard/Miller, Madeline/Circe - Madeline Miller.epub",-en,2021-11-30T02:26:13Z
"fractious,","file:///mnt/onboard/Miller, Madeline/Circe - Madeline Miller.epub",-en,2021-11-30T02:55:55Z
dittany.,"file:///mnt/onboard/Miller, Madeline/Circe - Madeline Miller.epub",-en,2021-11-30T05:06:21Z
simpered,"file:///mnt/onboard/Miller, Madeline/Circe - Madeline Miller.epub",-en,2021-11-30T05:27:26Z
roil,"file:///mnt/onboard/Miller, Madeline/Circe - Madeline Miller.epub",-en,2021-11-30T06:35:40Z
"ken,","file:///mnt/onboard/Miller, Madeline/Circe - Madeline Miller.epub",-en,2021-11-30T15:36:12Z
multifarious,"file:///mnt/onboard/Abnett, Dan/Horus Rising - Dan Abnett.epub",-en,2021-12-01T03:08:17Z
irascible,"file:///mnt/onboard/Abnett, Dan/Horus Rising - Dan Abnett.epub",-en,2021-12-01T03:09:20Z
venerable,"file:///mnt/onboard/Abnett, Dan/Horus Rising - Dan Abnett.epub",-en,2021-12-01T03:09:35Z
unstinting,"file:///mnt/onboard/Abnett, Dan/Horus Rising - Dan Abnett.epub",-en,2021-12-01T03:14:47Z
revel,"file:///mnt/onboard/Abnett, Dan/Horus Rising - Dan Abnett.epub",-en,2021-12-01T03:15:22Z
Inchoate,"file:///mnt/onboard/Abnett, Dan/Horus Rising - Dan Abnett.epub",-en,2021-12-01T03:52:09Z
jibbed,"file:///mnt/onboard/Norwich, John Julius/Byzantium_ The Early Centuries - John Julius Norwich.epub",-en,2021-12-01T04:52:33Z
gnomic,"file:///mnt/onboard/Norwich, John Julius/Byzantium_ The Early Centuries - John Julius Norwich.epub",-en,2021-12-03T01:08:49Z
proselytes,"file:///mnt/onboard/Norwich, John Julius/Byzantium_ The Early Centuries - John Julius Norwich.epub",-en,2021-12-04T12:32:33Z
portico,"file:///mnt/onboard/Norwich, John Julius/Byzantium_ The Early Centuries - John Julius Norwich.epub",-en,2021-12-04T12:40:27Z
comportment,"file:///mnt/onboard/Norwich, John Julius/Byzantium_ The Early Centuries - John Julius Norwich.epub",-en,2021-12-04T12:41:20Z
dissolute,"file:///mnt/onboard/Norwich, John Julius/Byzantium_ The Early Centuries - John Julius Norwich.epub",-en,2021-12-04T12:45:02Z
debauched,"file:///mnt/onboard/Norwich, John Julius/Byzantium_ The Early Centuries - John Julius Norwich.epub",-en,2021-12-04T12:45:10Z
vouchsafed,"file:///mnt/onboard/Norwich, John Julius/Byzantium_ The Early Centuries - John Julius Norwich.epub",-en,2021-12-04T13:50:07Z
"sybarites,","file:///mnt/onboard/Norwich, John Julius/Byzantium_ The Early Centuries - John Julius Norwich.epub",-en,2021-12-04T14:03:48Z
"skulduggery,","file:///mnt/onboard/Norwich, John Julius/Byzantium_ The Early Centuries - John Julius Norwich.epub",-en,2021-12-04T15:35:07Z
temerity,"file:///mnt/onboard/Abnett, Dan/Horus Rising - Dan Abnett.epub",-en,2021-12-04T17:46:06Z
atavistic,"file:///mnt/onboard/Abnett, Dan/Horus Rising - Dan Abnett.epub",-en,2021-12-04T17:52:30Z
"apposite,","file:///mnt/onboard/Abnett, Dan/Horus Rising - Dan Abnett.epub",-en,2021-12-05T05:38:16Z
promulgation,"file:///mnt/onboard/Abnett, Dan/Horus Rising - Dan Abnett.epub",-en,2021-12-06T00:56:34Z
ordure,"file:///mnt/onboard/Abnett, Dan/Horus Rising - Dan Abnett.epub",-en,2021-12-06T05:12:18Z
integument,"file:///mnt/onboard/Abnett, Dan/Horus Rising - Dan Abnett.epub",-en,2021-12-06T05:31:16Z
monition,"file:///mnt/onboard/Abnett, Dan/Horus Rising - Dan Abnett.epub",-en,2021-12-06T17:31:24Z
cretin.,"file:///mnt/onboard/Abnett, Dan/Horus Rising - Dan Abnett.epub",-en,2021-12-06T19:24:04Z
odious,"file:///mnt/onboard/Abnett, Dan/Horus Rising - Dan Abnett.epub",-en,2021-12-06T19:28:19Z
conurbation,"file:///mnt/onboard/Abnett, Dan/Horus Rising - Dan Abnett.epub",-en,2021-12-06T20:47:50Z
farragoes,"file:///mnt/onboard/McNeill, Graham/False Gods - Graham McNeill.epub",-en,2021-12-07T02:08:24Z
sartorial,"file:///mnt/onboard/McNeill, Graham/False Gods - Graham McNeill.epub",-en,2021-12-07T02:16:46Z
lambent,"file:///mnt/onboard/McNeill, Graham/False Gods - Graham McNeill.epub",-en,2021-12-07T02:56:31Z
ardour.,"file:///mnt/onboard/McNeill, Graham/False Gods - Graham McNeill.epub",-en,2021-12-07T03:35:51Z
maudlin,"file:///mnt/onboard/McNeill, Graham/False Gods - Graham McNeill.epub",-en,2021-12-07T04:31:02Z
valediction.,"file:///mnt/onboard/McNeill, Graham/False Gods - Graham McNeill.epub",-en,2021-12-07T19:33:15Z
escalade,"file:///mnt/onboard/McNeill, Graham/False Gods - Graham McNeill.epub",-en,2021-12-08T04:28:07Z
effectuated?,"file:///mnt/onboard/Graeber, David/Debt - David Graeber.epub",-en,2021-12-09T21:19:22Z
tawdry,"file:///mnt/onboard/Graeber, David/Debt - David Graeber.epub",-en,2021-12-10T04:35:01Z
courtesans.,"file:///mnt/onboard/Graeber, David/Debt - David Graeber.epub",-en,2021-12-10T10:12:24Z
"sempiternal,","file:///mnt/onboard/Graeber, David/Debt - David Graeber.epub",-en,2021-12-15T04:06:43Z
Amity,"file:///mnt/onboard/Graeber, David/Debt - David Graeber.epub",-en,2021-12-15T16:50:27Z
"torpor,","file:///mnt/onboard/Graeber, David/Debt - David Graeber.epub",-en,2021-12-15T16:53:43Z
indolent,"file:///mnt/onboard/Graeber, David/Debt - David Graeber.epub",-en,2021-12-15T17:00:34Z
vaunted,"file:///mnt/onboard/Graeber, David/Debt - David Graeber.epub",-en,2021-12-15T21:10:24Z
prestidigitation.,"file:///mnt/onboard/Graeber, David/Debt - David Graeber.epub",-en,2021-12-15T21:11:56Z
phantasmagoric,"file:///mnt/onboard/Graeber, David/Debt - David Graeber.epub",-en,2021-12-15T21:17:56Z
quintessence,"file:///mnt/onboard/Graeber, David/Debt - David Graeber.epub",-en,2021-12-15T21:39:05Z
opprobrious.,"file:///mnt/onboard/Graeber, David/Debt - David Graeber.epub",-en,2021-12-15T21:42:55Z
bugaboo,"file:///mnt/onboard/Graeber, David/Debt - David Graeber.epub",-en,2021-12-15T22:03:20Z
seigniorage.,"file:///mnt/onboard/Graeber, David/Debt - David Graeber.epub",-en,2021-12-15T22:08:28Z
stultifying,"file:///mnt/onboard/Graeber, David/Debt - David Graeber.epub",-en,2021-12-15T22:19:45Z
peculation,"file:///mnt/onboard/Norwich, John Julius/Byzantium_ The Early Centuries - John Julius Norwich.epub",-en,2021-12-16T04:55:47Z
bawdy,file:///mnt/onboard/Admiral William H. McRaven/Sea Stories - William H. Mcraven.epub,-en,2021-12-16T15:10:02Z
"gregarious,",file:///mnt/onboard/Admiral William H. McRaven/Sea Stories - William H. Mcraven.epub,-en,2021-12-16T15:10:12Z
betwixt,"file:///mnt/onboard/Price, Neil/Children of Ash and Elm_ A History of the Vikings - Neil Price.epub",-en,2021-12-16T20:24:03Z
sutures,"file:///mnt/onboard/Price, Neil/Children of Ash and Elm_ A History of the Vikings - Neil Price.epub",-en,2021-12-16T20:28:02Z
whorls,"file:///mnt/onboard/Price, Neil/Children of Ash and Elm_ A History of the Vikings - Neil Price.epub",-en,2021-12-16T20:55:36Z
valise.,"file:///mnt/onboard/Weir, Andy/Project Hail Mary - Andy Weir.epub",-en,2021-12-17T03:36:21Z
reprobates.,"file:///mnt/onboard/Weir, Andy/Project Hail Mary - Andy Weir.epub",-en,2021-12-17T04:38:48Z
warble,"file:///mnt/onboard/Weir, Andy/Project Hail Mary - Andy Weir.epub",-en,2021-12-18T23:39:39Z
humus,"file:///mnt/onboard/Wohlleben, Peter/The Hidden Life of Trees_ What They Feel, How They CommunicateDiscoveries from a Secret World - Peter Wohlleben.epub",-en,2021-12-20T20:38:49Z
seraglio,"file:///mnt/onboard/Bradford, Ernle/Great Siege_ Malta 1565, The - Ernle Bradford.epub",-en,2021-12-24T05:45:04Z
odalisques,"file:///mnt/onboard/Bradford, Ernle/Great Siege_ Malta 1565, The - Ernle Bradford.epub",-en,2021-12-24T05:46:14Z
abaft,"file:///mnt/onboard/Bradford, Ernle/Great Siege_ Malta 1565, The - Ernle Bradford.epub",-en,2021-12-24T14:44:41Z
lateen,"file:///mnt/onboard/Bradford, Ernle/Great Siege_ Malta 1565, The - Ernle Bradford.epub",-en,2021-12-24T14:44:52Z
efface,"file:///mnt/onboard/Bradford, Ernle/Great Siege_ Malta 1565, The - Ernle Bradford.epub",-en,2021-12-24T14:48:57Z
counterscarp,"file:///mnt/onboard/Bradford, Ernle/Great Siege_ Malta 1565, The - Ernle Bradford.epub",-en,2021-12-24T14:51:04Z
ravelin,"file:///mnt/onboard/Bradford, Ernle/Great Siege_ Malta 1565, The - Ernle Bradford.epub",-en,2021-12-24T14:51:14Z
razed,"file:///mnt/onboard/Bradford, Ernle/Great Siege_ Malta 1565, The - Ernle Bradford.epub",-en,2021-12-24T16:14:11Z
galliot,"file:///mnt/onboard/Bradford, Ernle/Great Siege_ Malta 1565, The - Ernle Bradford.epub",-en,2021-12-24T16:22:06Z
bastinadoed,"file:///mnt/onboard/Bradford, Ernle/Great Siege_ Malta 1565, The - Ernle Bradford.epub",-en,2021-12-24T21:21:57Z
houris,"file:///mnt/onboard/Bradford, Ernle/Great Siege_ Malta 1565, The - Ernle Bradford.epub",-en,2021-12-26T01:20:57Z
"enteric,","file:///mnt/onboard/Bradford, Ernle/Great Siege_ Malta 1565, The - Ernle Bradford.epub",-en,2021-12-26T05:54:00Z
hawsers.,"file:///mnt/onboard/Bradford, Ernle/Great Siege_ Malta 1565, The - Ernle Bradford.epub",-en,2021-12-26T14:52:11Z
panniers,"file:///mnt/onboard/Bradford, Ernle/Great Siege_ Malta 1565, The - Ernle Bradford.epub",-en,2021-12-26T19:18:31Z
morion,"file:///mnt/onboard/Bradford, Ernle/Great Siege_ Malta 1565, The - Ernle Bradford.epub",-en,2021-12-26T19:25:40Z
petard,"file:///mnt/onboard/Bradford, Ernle/Great Siege_ Malta 1565, The - Ernle Bradford.epub",-en,2021-12-26T19:32:47Z
debouching,"file:///mnt/onboard/Bradford, Ernle/Great Siege_ Malta 1565, The - Ernle Bradford.epub",-en,2021-12-26T20:12:09Z
upbraid,"file:///mnt/onboard/Bradford, Ernle/Great Siege_ Malta 1565, The - Ernle Bradford.epub",-en,2021-12-26T20:21:36Z
alacrity.,"file:///mnt/onboard/MacLean, Fitzroy/Eastern Approaches - Fitzroy MacLean.epub",-en,2021-12-27T03:08:55Z
carousal.,"file:///mnt/onboard/MacLean, Fitzroy/Eastern Approaches - Fitzroy MacLean.epub",-en,2021-12-27T04:59:00Z
sidled,"file:///mnt/onboard/MacLean, Fitzroy/Eastern Approaches - Fitzroy MacLean.epub",-en,2021-12-27T05:05:12Z
affably,"file:///mnt/onboard/MacLean, Fitzroy/Eastern Approaches - Fitzroy MacLean.epub",-en,2021-12-27T05:10:02Z
"samovar,","file:///mnt/onboard/MacLean, Fitzroy/Eastern Approaches - Fitzroy MacLean.epub",-en,2021-12-27T05:13:13Z
convivial,"file:///mnt/onboard/MacLean, Fitzroy/Eastern Approaches - Fitzroy MacLean.epub",-en,2021-12-27T05:34:57Z
voluble,"file:///mnt/onboard/MacLean, Fitzroy/Eastern Approaches - Fitzroy MacLean.epub",-en,2021-12-27T05:35:33Z
mauve,"file:///mnt/onboard/MacLean, Fitzroy/Eastern Approaches - Fitzroy MacLean.epub",-en,2021-12-27T05:50:46Z
salacious,"file:///mnt/onboard/MacLean, Fitzroy/Eastern Approaches - Fitzroy MacLean.epub",-en,2021-12-27T14:26:49Z
magpie,"file:///mnt/onboard/MacLean, Fitzroy/Eastern Approaches - Fitzroy MacLean.epub",-en,2021-12-27T14:28:13Z
redolent,"file:///mnt/onboard/MacLean, Fitzroy/Eastern Approaches - Fitzroy MacLean.epub",-en,2021-12-27T14:59:50Z
leering,"file:///mnt/onboard/MacLean, Fitzroy/Eastern Approaches - Fitzroy MacLean.epub",-en,2021-12-27T17:31:31Z
pettifogging,"file:///mnt/onboard/MacLean, Fitzroy/Eastern Approaches - Fitzroy MacLean.epub",-en,2021-12-27T22:48:53Z
abject,"file:///mnt/onboard/MacLean, Fitzroy/Eastern Approaches - Fitzroy MacLean.epub",-en,2021-12-27T23:58:16Z
"pertinacity,","file:///mnt/onboard/MacLean, Fitzroy/Eastern Approaches - Fitzroy MacLean.epub",-en,2021-12-28T00:00:53Z
jodhpurs,"file:///mnt/onboard/MacLean, Fitzroy/Eastern Approaches - Fitzroy MacLean.epub",-en,2021-12-28T00:44:04Z
prepossessing,"file:///mnt/onboard/MacLean, Fitzroy/Eastern Approaches - Fitzroy MacLean.epub",-en,2021-12-28T00:49:40Z
disconsolately,"file:///mnt/onboard/MacLean, Fitzroy/Eastern Approaches - Fitzroy MacLean.epub",-en,2021-12-28T01:13:09Z
alfresco,"file:///mnt/onboard/MacLean, Fitzroy/Eastern Approaches - Fitzroy MacLean.epub",-en,2021-12-28T02:59:01Z
prevarication,"file:///mnt/onboard/MacLean, Fitzroy/Eastern Approaches - Fitzroy MacLean.epub",-en,2021-12-28T03:08:14Z
transshipment;,"file:///mnt/onboard/MacLean, Fitzroy/Eastern Approaches - Fitzroy MacLean.epub",-en,2021-12-28T03:08:44Z
charpoy,"file:///mnt/onboard/MacLean, Fitzroy/Eastern Approaches - Fitzroy MacLean.epub",-en,2021-12-28T03:19:43Z
"sundry,","file:///mnt/onboard/MacLean, Fitzroy/Eastern Approaches - Fitzroy MacLean.epub",-en,2021-12-28T15:47:03Z
imperturbable,"file:///mnt/onboard/MacLean, Fitzroy/Eastern Approaches - Fitzroy MacLean.epub",-en,2021-12-28T15:53:23Z
aerodromes.,"file:///mnt/onboard/MacLean, Fitzroy/Eastern Approaches - Fitzroy MacLean.epub",-en,2021-12-28T15:56:03Z
repartee,"file:///mnt/onboard/MacLean, Fitzroy/Eastern Approaches - Fitzroy MacLean.epub",-en,2021-12-28T15:59:02Z
contrived,"file:///mnt/onboard/MacLean, Fitzroy/Eastern Approaches - Fitzroy MacLean.epub",-en,2021-12-28T16:01:31Z
unwonted,"file:///mnt/onboard/MacLean, Fitzroy/Eastern Approaches - Fitzroy MacLean.epub",-en,2021-12-28T16:19:57Z
"furtiveness,","file:///mnt/onboard/MacLean, Fitzroy/Eastern Approaches - Fitzroy MacLean.epub",-en,2021-12-28T18:15:17Z
tepid,"file:///mnt/onboard/MacLean, Fitzroy/Eastern Approaches - Fitzroy MacLean.epub",-en,2021-12-28T21:51:27Z
wadi,"file:///mnt/onboard/MacLean, Fitzroy/Eastern Approaches - Fitzroy MacLean.epub",-en,2021-12-28T21:53:24Z
rissoles.,"file:///mnt/onboard/MacLean, Fitzroy/Eastern Approaches - Fitzroy MacLean.epub",-en,2021-12-28T21:56:09Z
barracking,"file:///mnt/onboard/MacLean, Fitzroy/Eastern Approaches - Fitzroy MacLean.epub",-en,2021-12-28T22:02:07Z
ebullience.,"file:///mnt/onboard/MacLean, Fitzroy/Eastern Approaches - Fitzroy MacLean.epub",-en,2021-12-28T23:50:32Z
unwarrantably,"file:///mnt/onboard/MacLean, Fitzroy/Eastern Approaches - Fitzroy MacLean.epub",-en,2021-12-29T01:13:28Z
edifying;,"file:///mnt/onboard/MacLean, Fitzroy/Eastern Approaches - Fitzroy MacLean.epub",-en,2021-12-29T01:27:16Z
"parvenus,","file:///mnt/onboard/MacLean, Fitzroy/Eastern Approaches - Fitzroy MacLean.epub",-en,2021-12-29T03:21:16Z
raconteur,"file:///mnt/onboard/MacLean, Fitzroy/Eastern Approaches - Fitzroy MacLean.epub",-en,2021-12-29T04:00:51Z
trencherman.,"file:///mnt/onboard/MacLean, Fitzroy/Eastern Approaches - Fitzroy MacLean.epub",-en,2021-12-29T04:00:59Z
confabulate,"file:///mnt/onboard/MacLean, Fitzroy/Eastern Approaches - Fitzroy MacLean.epub",-en,2021-12-29T04:07:43Z
forbidding,"file:///mnt/onboard/MacLean, Fitzroy/Eastern Approaches - Fitzroy MacLean.epub",-en,2021-12-29T04:11:28Z
inordinately,"file:///mnt/onboard/MacLean, Fitzroy/Eastern Approaches - Fitzroy MacLean.epub",-en,2021-12-29T04:52:04Z
fusty,"file:///mnt/onboard/MacLean, Fitzroy/Eastern Approaches - Fitzroy MacLean.epub",-en,2021-12-29T04:56:18Z
vicissitudes,"file:///mnt/onboard/MacLean, Fitzroy/Eastern Approaches - Fitzroy MacLean.epub",-en,2021-12-29T04:56:50Z
grotesque,"file:///mnt/onboard/MacLean, Fitzroy/Eastern Approaches - Fitzroy MacLean.epub",-en,2021-12-29T04:56:57Z
pityingly,"file:///mnt/onboard/MacLean, Fitzroy/Eastern Approaches - Fitzroy MacLean.epub",-en,2021-12-29T05:01:46Z
cajolery,"file:///mnt/onboard/MacLean, Fitzroy/Eastern Approaches - Fitzroy MacLean.epub",-en,2021-12-29T05:08:06Z
antimacassars,"file:///mnt/onboard/MacLean, Fitzroy/Eastern Approaches - Fitzroy MacLean.epub",-en,2021-12-29T05:08:23Z
diverting.,"file:///mnt/onboard/MacLean, Fitzroy/Eastern Approaches - Fitzroy MacLean.epub",-en,2021-12-29T05:11:44Z
despondency.,"file:///mnt/onboard/MacLean, Fitzroy/Eastern Approaches - Fitzroy MacLean.epub",-en,2021-12-29T05:19:11Z
scree,"file:///mnt/onboard/MacLean, Fitzroy/Eastern Approaches - Fitzroy MacLean.epub",-en,2021-12-29T05:24:35Z
surreptitious,"file:///mnt/onboard/MacLean, Fitzroy/Eastern Approaches - Fitzroy MacLean.epub",-en,2021-12-29T05:25:22Z
perforce,"file:///mnt/onboard/MacLean, Fitzroy/Eastern Approaches - Fitzroy MacLean.epub",-en,2021-12-29T05:32:26Z
"Balmoral,","file:///mnt/onboard/MacLean, Fitzroy/Eastern Approaches - Fitzroy MacLean.epub",-en,2021-12-29T05:55:23Z
saturnine,"file:///mnt/onboard/MacLean, Fitzroy/Eastern Approaches - Fitzroy MacLean.epub",-en,2021-12-29T06:17:12Z
gregarious,"file:///mnt/onboard/MacLean, Fitzroy/Eastern Approaches - Fitzroy MacLean.epub",-en,2021-12-29T15:06:59Z
batman.,"file:///mnt/onboard/MacLean, Fitzroy/Eastern Approaches - Fitzroy MacLean.epub",-en,2021-12-29T15:24:53Z
commodious,"file:///mnt/onboard/MacLean, Fitzroy/Eastern Approaches - Fitzroy MacLean.epub",-en,2021-12-30T02:21:55Z
careering,"file:///mnt/onboard/MacLean, Fitzroy/Eastern Approaches - Fitzroy MacLean.epub",-en,2021-12-30T02:42:14Z
jocular,"file:///mnt/onboard/MacLean, Fitzroy/Eastern Approaches - Fitzroy MacLean.epub",-en,2021-12-30T02:50:04Z
wiles,"file:///mnt/onboard/MacLean, Fitzroy/Eastern Approaches - Fitzroy MacLean.epub",-en,2021-12-30T03:28:09Z
polecat.,"file:///mnt/onboard/MacLean, Fitzroy/Eastern Approaches - Fitzroy MacLean.epub",-en,2021-12-30T03:34:09Z
"stoat,","file:///mnt/onboard/MacLean, Fitzroy/Eastern Approaches - Fitzroy MacLean.epub",-en,2021-12-30T03:34:20Z
levanted,"file:///mnt/onboard/MacLean, Fitzroy/Eastern Approaches - Fitzroy MacLean.epub",-en,2021-12-30T03:37:27Z
bibulous,"file:///mnt/onboard/MacLean, Fitzroy/Eastern Approaches - Fitzroy MacLean.epub",-en,2021-12-30T03:44:44Z
"felicitations,","file:///mnt/onboard/MacLean, Fitzroy/Eastern Approaches - Fitzroy MacLean.epub",-en,2021-12-30T03:47:12Z
disgruntled,"file:///mnt/onboard/MacLean, Fitzroy/Eastern Approaches - Fitzroy MacLean.epub",-en,2021-12-30T04:42:58Z
condoled,"file:///mnt/onboard/MacLean, Fitzroy/Eastern Approaches - Fitzroy MacLean.epub",-en,2021-12-30T04:44:10Z
"tureen,","file:///mnt/onboard/MacLean, Fitzroy/Eastern Approaches - Fitzroy MacLean.epub",-en,2021-12-30T04:47:50Z
embossed,"file:///mnt/onboard/MacLean, Fitzroy/Eastern Approaches - Fitzroy MacLean.epub",-en,2021-12-30T04:48:00Z
provisionally,"file:///mnt/onboard/MacLean, Fitzroy/Eastern Approaches - Fitzroy MacLean.epub",-en,2021-12-30T04:48:10Z
scintillating,"file:///mnt/onboard/Ehrman, Bart D_/How Jesus Became God_ The Exaltation of a Jewish Preacher From Galilee - Bart D. Ehrman.epub",-en,2021-12-30T05:16:56Z
charlatan,"file:///mnt/onboard/Ehrman, Bart D_/How Jesus Became God_ The Exaltation of a Jewish Preacher From Galilee - Bart D. Ehrman.epub",-en,2021-12-30T05:47:16Z
beneficent.,"file:///mnt/onboard/Ehrman, Bart D_/How Jesus Became God_ The Exaltation of a Jewish Preacher From Galilee - Bart D. Ehrman.epub",-en,2021-12-30T16:50:03Z
twain,"file:///mnt/onboard/Ehrman, Bart D_/How Jesus Became God_ The Exaltation of a Jewish Preacher From Galilee - Bart D. Ehrman.epub",-en,2021-12-30T17:48:49Z
paean,"file:///mnt/onboard/Ehrman, Bart D_/How Jesus Became God_ The Exaltation of a Jewish Preacher From Galilee - Bart D. Ehrman.epub",-en,2022-01-01T07:00:39Z
anointed,"file:///mnt/onboard/Ehrman, Bart D_/How Jesus Became God_ The Exaltation of a Jewish Preacher From Galilee - Bart D. Ehrman.epub",-en,2022-01-01T19:42:18Z
pietist,"file:///mnt/onboard/Ehrman, Bart D_/How Jesus Became God_ The Exaltation of a Jewish Preacher From Galilee - Bart D. Ehrman.epub",-en,2022-01-02T05:19:44Z
recalcitrant,"file:///mnt/onboard/Ehrman, Bart D_/How Jesus Became God_ The Exaltation of a Jewish Preacher From Galilee - Bart D. Ehrman.epub",-en,2022-01-03T04:06:08Z
sensationalist.,"file:///mnt/onboard/Ehrman, Bart D_/How Jesus Became God_ The Exaltation of a Jewish Preacher From Galilee - Bart D. Ehrman.epub",-en,2022-01-03T04:07:32Z
prodigious,"file:///mnt/onboard/Ehrman, Bart D_/How Jesus Became God_ The Exaltation of a Jewish Preacher From Galilee - Bart D. Ehrman.epub",-en,2022-01-03T04:16:00Z
erudite,"file:///mnt/onboard/Ehrman, Bart D_/How Jesus Became God_ The Exaltation of a Jewish Preacher From Galilee - Bart D. Ehrman.epub",-en,2022-01-04T02:22:31Z
emendations,"file:///mnt/onboard/Ehrman, Bart D_/How Jesus Became God_ The Exaltation of a Jewish Preacher From Galilee - Bart D. Ehrman.epub",-en,2022-01-04T23:57:16Z
picayune,"file:///mnt/onboard/Ehrman, Bart D_/How Jesus Became God_ The Exaltation of a Jewish Preacher From Galilee - Bart D. Ehrman.epub",-en,2022-01-06T02:07:37Z
spraddling,"file:///mnt/onboard/X, Malcolm & Haley, Alex/Autobiography of Malcolm X, The - Malcolm X & Alex Haley.epub",-en,2022-01-06T03:33:06Z
deportment,"file:///mnt/onboard/X, Malcolm & Haley, Alex/Autobiography of Malcolm X, The - Malcolm X & Alex Haley.epub",-en,2022-01-06T03:33:13Z
homeboy!,"file:///mnt/onboard/X, Malcolm & Haley, Alex/Autobiography of Malcolm X, The - Malcolm X & Alex Haley.epub",-en,2022-01-06T03:58:36Z
two-bit,"file:///mnt/onboard/X, Malcolm & Haley, Alex/Autobiography of Malcolm X, The - Malcolm X & Alex Haley.epub",-en,2022-01-06T04:32:44Z
cagey.,"file:///mnt/onboard/X, Malcolm & Haley, Alex/Autobiography of Malcolm X, The - Malcolm X & Alex Haley.epub",-en,2022-01-06T15:16:16Z
erstwhile,"file:///mnt/onboard/Norwich, John Julius/Byzantium_ The Early Centuries - John Julius Norwich.epub",-en,2022-01-06T20:10:39Z
lugubrious,"file:///mnt/onboard/Norwich, John Julius/Byzantium_ The Early Centuries - John Julius Norwich.epub",-en,2022-01-06T20:12:33Z
bathos:,"file:///mnt/onboard/Norwich, John Julius/Byzantium_ The Early Centuries - John Julius Norwich.epub",-en,2022-01-06T23:27:59Z
"prelate,","file:///mnt/onboard/Norwich, John Julius/Byzantium_ The Early Centuries - John Julius Norwich.epub",-en,2022-01-06T23:32:35Z
sang-froid,"file:///mnt/onboard/Norwich, John Julius/Byzantium_ The Early Centuries - John Julius Norwich.epub",-en,2022-01-06T23:52:05Z
decorously,"file:///mnt/onboard/Norwich, John Julius/Byzantium_ The Early Centuries - John Julius Norwich.epub",-en,2022-01-06T23:54:01Z
chasubles,"file:///mnt/onboard/Norwich, John Julius/Byzantium_ The Early Centuries - John Julius Norwich.epub",-en,2022-01-07T02:50:05Z
"dropsy,","file:///mnt/onboard/Norwich, John Julius/Byzantium_ The Early Centuries - John Julius Norwich.epub",-en,2022-01-07T02:57:53Z
importunate,"file:///mnt/onboard/Norwich, John Julius/Byzantium_ The Early Centuries - John Julius Norwich.epub",-en,2022-01-07T03:12:24Z
suborn,"file:///mnt/onboard/Norwich, John Julius/Byzantium_ The Early Centuries - John Julius Norwich.epub",-en,2022-01-07T03:16:45Z
peremptory,"file:///mnt/onboard/Norwich, John Julius/Byzantium_ The Early Centuries - John Julius Norwich.epub",-en,2022-01-07T03:24:52Z
incorrigibly,"file:///mnt/onboard/Norwich, John Julius/Byzantium_ The Early Centuries - John Julius Norwich.epub",-en,2022-01-07T03:28:16Z
emolument,"file:///mnt/onboard/Norwich, John Julius/Byzantium_ The Early Centuries - John Julius Norwich.epub",-en,2022-01-07T03:43:34Z
"soothsayer,","file:///mnt/onboard/Norwich, John Julius/Byzantium_ The Early Centuries - John Julius Norwich.epub",-en,2022-01-07T18:13:17Z
licentiousness,"file:///mnt/onboard/Norwich, John Julius/Byzantium_ The Early Centuries - John Julius Norwich.epub",-en,2022-01-07T18:15:18Z
internecine,"file:///mnt/onboard/Norwich, John Julius/Byzantium_ The Early Centuries - John Julius Norwich.epub",-en,2022-01-07T18:24:55Z
diptychs.,"file:///mnt/onboard/Norwich, John Julius/Byzantium_ The Early Centuries - John Julius Norwich.epub",-en,2022-01-07T20:25:12Z
implacable.,"file:///mnt/onboard/Norwich, John Julius/Byzantium_ The Early Centuries - John Julius Norwich.epub",-en,2022-01-08T05:55:29Z
pell-mell,"file:///mnt/onboard/Norwich, John Julius/Byzantium_ The Early Centuries - John Julius Norwich.epub",-en,2022-01-08T05:58:29Z
dissipation,"file:///mnt/onboard/Norwich, John Julius/Byzantium_ The Early Centuries - John Julius Norwich.epub",-en,2022-01-08T06:03:51Z
"debauches,","file:///mnt/onboard/Norwich, John Julius/Byzantium_ The Early Centuries - John Julius Norwich.epub",-en,2022-01-08T06:04:40Z
rapine,"file:///mnt/onboard/Norwich, John Julius/Byzantium_ The Early Centuries - John Julius Norwich.epub",-en,2022-01-08T06:08:28Z
perfidy,"file:///mnt/onboard/Norwich, John Julius/Byzantium_ The Early Centuries - John Julius Norwich.epub",-en,2022-01-09T05:16:20Z
"intrigue,","file:///mnt/onboard/Norwich, John Julius/Byzantium_ The Early Centuries - John Julius Norwich.epub",-en,2022-01-09T05:48:56Z
exigences,"file:///mnt/onboard/Norwich, John Julius/Byzantium_ The Early Centuries - John Julius Norwich.epub",-en,2022-01-10T03:23:38Z
bier,"file:///mnt/onboard/Norwich, John Julius/Byzantium_ The Early Centuries - John Julius Norwich.epub",-en,2022-01-11T03:58:48Z
callow,"file:///mnt/onboard/Norwich, John Julius/Byzantium_ The Early Centuries - John Julius Norwich.epub",-en,2022-01-11T14:37:46Z
paroxysm,"file:///mnt/onboard/Norwich, John Julius/Byzantium_ The Early Centuries - John Julius Norwich.epub",-en,2022-01-11T14:42:31Z
insensate,"file:///mnt/onboard/Norwich, John Julius/Byzantium_ The Early Centuries - John Julius Norwich.epub",-en,2022-01-11T14:43:41Z
vile,"file:///mnt/onboard/Norwich, John Julius/Byzantium_ The Early Centuries - John Julius Norwich.epub",-en,2022-01-11T14:43:48Z
delectation;,"file:///mnt/onboard/Norwich, John Julius/Byzantium_ The Early Centuries - John Julius Norwich.epub",-en,2022-01-11T14:57:11Z
nostalgia,"file:///mnt/onboard/Norwich, John Julius/Byzantium_ The Early Centuries - John Julius Norwich.epub",-en,2022-01-11T21:34:55Z
freebooters,"file:///mnt/onboard/Norwich, John Julius/Byzantium_ The Early Centuries - John Julius Norwich.epub",-en,2022-01-12T02:33:00Z
obstreperous,"file:///mnt/onboard/Norwich, John Julius/Byzantium_ The Early Centuries - John Julius Norwich.epub",-en,2022-01-12T02:41:17Z
commandeered,"file:///mnt/onboard/Norwich, John Julius/Byzantium_ The Early Centuries - John Julius Norwich.epub",-en,2022-01-12T03:01:52Z
smacked,"file:///mnt/onboard/Norwich, John Julius/Byzantium_ The Early Centuries - John Julius Norwich.epub",-en,2022-01-12T03:51:30Z
execration.,"file:///mnt/onboard/Norwich, John Julius/Byzantium_ The Early Centuries - John Julius Norwich.epub",-en,2022-01-12T04:26:00Z
arrogated,"file:///mnt/onboard/Norwich, John Julius/Byzantium_ The Apogee - John Julius Norwich.epub",-en,2022-01-13T03:56:35Z
serried,"file:///mnt/onboard/Norwich, John Julius/Byzantium_ The Apogee - John Julius Norwich.epub",-en,2022-01-13T15:10:50Z
ululating,"file:///mnt/onboard/Norwich, John Julius/Byzantium_ The Apogee - John Julius Norwich.epub",-en,2022-01-13T15:10:56Z
firebrands,"file:///mnt/onboard/Norwich, John Julius/Byzantium_ The Apogee - John Julius Norwich.epub",-en,2022-01-13T15:26:17Z
"bluff,","file:///mnt/onboard/Norwich, John Julius/Byzantium_ The Apogee - John Julius Norwich.epub",-en,2022-01-14T03:59:10Z
choristers,"file:///mnt/onboard/Norwich, John Julius/Byzantium_ The Apogee - John Julius Norwich.epub",-en,2022-01-14T04:03:08Z
privy,"file:///mnt/onboard/Norwich, John Julius/Byzantium_ The Apogee - John Julius Norwich.epub",-en,2022-01-14T04:04:23Z
doggerel,"file:///mnt/onboard/Norwich, John Julius/Byzantium_ The Apogee - John Julius Norwich.epub",-en,2022-01-14T05:02:14Z
remonstrate;,"file:///mnt/onboard/Norwich, John Julius/Byzantium_ The Apogee - John Julius Norwich.epub",-en,2022-01-14T14:05:44Z
mural,"file:///mnt/onboard/Norwich, John Julius/Byzantium_ The Apogee - John Julius Norwich.epub",-en,2022-01-15T02:34:59Z
sedulously,"file:///mnt/onboard/Norwich, John Julius/Byzantium_ The Apogee - John Julius Norwich.epub",-en,2022-01-15T04:09:04Z
putative,"file:///mnt/onboard/Norwich, John Julius/Byzantium_ The Apogee - John Julius Norwich.epub",-en,2022-01-15T04:09:31Z
contrite,"file:///mnt/onboard/Norwich, John Julius/Byzantium_ The Apogee - John Julius Norwich.epub",-en,2022-01-15T04:50:03Z
farrago?,"file:///mnt/onboard/Norwich, John Julius/Byzantium_ The Apogee - John Julius Norwich.epub",-en,2022-01-16T01:46:26Z
chary,"file:///mnt/onboard/Norwich, John Julius/Byzantium_ The Apogee - John Julius Norwich.epub",-en,2022-01-16T01:58:24Z
quietus.,"file:///mnt/onboard/Norwich, John Julius/Byzantium_ The Apogee - John Julius Norwich.epub",-en,2022-01-16T01:58:56Z
entrepot,"file:///mnt/onboard/Norwich, John Julius/Byzantium_ The Apogee - John Julius Norwich.epub",-en,2022-01-16T02:02:42Z
"ramifications,","file:///mnt/onboard/Norwich, John Julius/Byzantium_ The Apogee - John Julius Norwich.epub",-en,2022-01-16T02:08:23Z
dispatch,"file:///mnt/onboard/Norwich, John Julius/Byzantium_ The Apogee - John Julius Norwich.epub",-en,2022-01-16T02:12:12Z
uncongenial,"file:///mnt/onboard/Norwich, John Julius/Byzantium_ The Apogee - John Julius Norwich.epub",-en,2022-01-16T02:16:43Z
roisterings,"file:///mnt/onboard/Norwich, John Julius/Byzantium_ The Apogee - John Julius Norwich.epub",-en,2022-01-16T03:13:35Z
carousals,"file:///mnt/onboard/Norwich, John Julius/Byzantium_ The Apogee - John Julius Norwich.epub",-en,2022-01-16T03:15:33Z
mincing,"file:///mnt/onboard/Norwich, John Julius/Byzantium_ The Apogee - John Julius Norwich.epub",-en,2022-01-16T03:28:21Z
epicene,"file:///mnt/onboard/Norwich, John Julius/Byzantium_ The Apogee - John Julius Norwich.epub",-en,2022-01-16T03:28:35Z
abeyance,"file:///mnt/onboard/Norwich, John Julius/Byzantium_ The Apogee - John Julius Norwich.epub",-en,2022-01-16T04:42:25Z
alacrity;,"file:///mnt/onboard/Norwich, John Julius/Byzantium_ The Apogee - John Julius Norwich.epub",-en,2022-01-16T13:59:30Z
feckless,"file:///mnt/onboard/Norwich, John Julius/Byzantium_ The Apogee - John Julius Norwich.epub",-en,2022-01-16T14:05:14Z
agog.,"file:///mnt/onboard/Norwich, John Julius/Byzantium_ The Apogee - John Julius Norwich.epub",-en,2022-01-16T14:24:45Z
embonpoint,"file:///mnt/onboard/Norwich, John Julius/Byzantium_ The Apogee - John Julius Norwich.epub",-en,2022-01-17T04:14:47Z
adroitly,"file:///mnt/onboard/Norwich, John Julius/Byzantium_ The Apogee - John Julius Norwich.epub",-en,2022-01-17T23:13:25Z
carousing,"file:///mnt/onboard/Norwich, John Julius/Byzantium_ The Apogee - John Julius Norwich.epub",-en,2022-01-17T23:18:13Z
dudgeon,"file:///mnt/onboard/Norwich, John Julius/Byzantium_ The Apogee - John Julius Norwich.epub",-en,2022-01-18T01:10:26Z
incontestably,"file:///mnt/onboard/Norwich, John Julius/Byzantium_ The Apogee - John Julius Norwich.epub",-en,2022-01-18T01:28:07Z
"starveling,","file:///mnt/onboard/Norwich, John Julius/Byzantium_ The Apogee - John Julius Norwich.epub",-en,2022-01-18T02:39:02Z
fateful,"file:///mnt/onboard/Norwich, John Julius/Byzantium_ The Apogee - John Julius Norwich.epub",-en,2022-01-18T05:21:43Z
invective.,"file:///mnt/onboard/Norwich, John Julius/Byzantium_ The Apogee - John Julius Norwich.epub",-en,2022-01-18T05:45:14Z
voluptuary.,"file:///mnt/onboard/Norwich, John Julius/Byzantium_ The Apogee - John Julius Norwich.epub",-en,2022-01-18T14:43:58Z
dissipations,"file:///mnt/onboard/Norwich, John Julius/Byzantium_ The Apogee - John Julius Norwich.epub",-en,2022-01-18T15:04:34Z
refectory,"file:///mnt/onboard/Norwich, John Julius/Byzantium_ The Apogee - John Julius Norwich.epub",-en,2022-01-18T15:10:35Z
autocephalous,"file:///mnt/onboard/Norwich, John Julius/Byzantium_ The Apogee - John Julius Norwich.epub",-en,2022-01-19T06:01:43Z
tendentious,"file:///mnt/onboard/Norwich, John Julius/Byzantium_ The Apogee - John Julius Norwich.epub",-en,2022-01-19T16:03:18Z
"dynast,","file:///mnt/onboard/Norwich, John Julius/Byzantium_ The Apogee - John Julius Norwich.epub",-en,2022-01-19T16:04:44Z
besottedly,"file:///mnt/onboard/Norwich, John Julius/Byzantium_ The Apogee - John Julius Norwich.epub",-en,2022-01-19T16:10:54Z
whit,"file:///mnt/onboard/Norwich, John Julius/Byzantium_ The Apogee - John Julius Norwich.epub",-en,2022-01-20T05:35:28Z
"Vespers,","file:///mnt/onboard/Norwich, John Julius/Byzantium_ The Apogee - John Julius Norwich.epub",-en,2022-01-20T05:49:17Z
doyen,"file:///mnt/onboard/Norwich, John Julius/Byzantium_ The Apogee - John Julius Norwich.epub",-en,2022-01-20T06:06:54Z
irruption,"file:///mnt/onboard/Norwich, John Julius/Byzantium_ The Apogee - John Julius Norwich.epub",-en,2022-01-20T06:15:24Z
"unguents,","file:///mnt/onboard/Norwich, John Julius/Byzantium_ The Apogee - John Julius Norwich.epub",-en,2022-01-20T06:18:10Z
pestiferous,"file:///mnt/onboard/Norwich, John Julius/Byzantium_ The Apogee - John Julius Norwich.epub",-en,2022-01-20T07:01:52Z
simony,"file:///mnt/onboard/Norwich, John Julius/Byzantium_ The Apogee - John Julius Norwich.epub",-en,2022-01-20T07:03:59Z
"sanctimonious,","file:///mnt/onboard/Norwich, John Julius/Byzantium_ The Apogee - John Julius Norwich.epub",-en,2022-01-20T07:07:16Z
conceited,"file:///mnt/onboard/Norwich, John Julius/Byzantium_ The Apogee - John Julius Norwich.epub",-en,2022-01-20T07:07:22Z
Pleurisy,"file:///mnt/onboard/Norwich, John Julius/Byzantium_ The Apogee - John Julius Norwich.epub",-en,2022-01-20T07:11:10Z
scoundrel,"file:///mnt/onboard/Norwich, John Julius/Byzantium_ The Apogee - John Julius Norwich.epub",-en,2022-01-20T17:00:51Z
isochronal,"file:///mnt/onboard/Eco, Umberto/Foucault_s Pendulum - Umberto Eco.epub",-en,2022-01-21T03:07:03Z
magnanimous,"file:///mnt/onboard/Forsyth, Mark/Etymologicon, The - Mark Forsyth.epub",-en,2022-01-21T05:22:06Z
munificent.,"file:///mnt/onboard/Forsyth, Mark/Etymologicon, The - Mark Forsyth.epub",-en,2022-01-21T05:22:12Z
"landslip,","file:///mnt/onboard/Iggulden, Conn/Khan Series, The - Conn Iggulden.epub",-en,2022-01-21T22:12:48Z
astigmatic,Foucault's Pendulum,-en,2022-01-22T06:29:14Z
ogive,Foucault's Pendulum,-en,2022-01-22T06:40:40Z
chthonian,Foucault's Pendulum,-en,2022-01-22T06:43:13Z
hypocritically,Foucault's Pendulum,-en,2022-01-22T06:46:49Z
transept,Foucault's Pendulum,-en,2022-01-23T04:53:16Z
Ossianic,Foucault's Pendulum,-en,2022-01-23T04:57:40Z
macumba,Foucault's Pendulum,-en,2022-01-23T04:58:20Z
catoptric,Foucault's Pendulum,-en,2022-01-23T05:03:02Z
acajou,Foucault's Pendulum,-en,2022-01-23T05:06:25Z
quatrefoil,Foucault's Pendulum,-en,2022-01-23T05:07:34Z
majolica,Foucault's Pendulum,-en,2022-01-23T05:11:20Z
faience,Foucault's Pendulum,-en,2022-01-23T05:11:29Z
Plerome,Foucault's Pendulum,-en,2022-01-23T05:12:06Z
apothegms,Foucault's Pendulum,-en,2022-01-23T05:28:34Z
hypallages,Foucault's Pendulum,-en,2022-01-23T05:28:47Z
zeugmas,Foucault's Pendulum,-en,2022-01-23T05:29:20Z
hysteron,Foucault's Pendulum,-en,2022-01-23T05:29:54Z
gymnosophists,Foucault's Pendulum,-en,2022-01-23T05:30:43Z
labile,Foucault's Pendulum,-en,2022-01-23T05:31:37Z
indolently,Foucault's Pendulum,-en,2022-01-23T05:33:32Z
Torquemada,Foucault's Pendulum,-en,2022-01-23T05:34:24Z
gematria,Foucault's Pendulum,-en,2022-01-23T05:37:24Z
nimbus,Foucault's Pendulum,-en,2022-01-23T05:41:19Z
incredulous,Foucault's Pendulum,-en,2022-01-24T04:22:48Z
modulated,Foucault's Pendulum,-en,2022-01-24T04:24:46Z
extrasystoles,Foucault's Pendulum,-en,2022-01-24T04:34:59Z
soliloquize,Foucault's Pendulum,-en,2022-01-24T05:15:00Z
Nibelung,Foucault's Pendulum,-en,2022-01-24T05:24:03Z
Eristic,Foucault's Pendulum,-en,2022-01-24T05:34:31Z
Solecisms,Foucault's Pendulum,-en,2022-01-24T05:34:43Z
foundlings,Foucault's Pendulum,-en,2022-01-24T05:36:24Z
simoom,Foucault's Pendulum,-en,2022-01-24T05:51:40Z
oriflammes,Foucault's Pendulum,-en,2022-01-24T05:59:04Z
apposite,Foucault's Pendulum,-en,2022-01-24T06:00:52Z
hieratic,Foucault's Pendulum,-en,2022-01-24T06:03:28Z
halcyon,Foucault's Pendulum,-en,2022-01-24T06:12:52Z
effrontery,Foucault's Pendulum,-en,2022-01-24T06:15:11Z
abjuration,Foucault's Pendulum,-en,2022-01-24T19:25:34Z
brilliantined,Foucault's Pendulum,-en,2022-01-24T19:52:59Z
eccentric,Foucault's Pendulum,-en,2022-01-25T01:51:06Z
Manutius,Foucault's Pendulum,-en,2022-01-25T02:01:57Z
mythomaniac,Foucault's Pendulum,-en,2022-01-25T02:02:58Z
arteriosclerotic,Foucault's Pendulum,-en,2022-01-25T02:06:02Z
onomastic,Foucault's Pendulum,-en,2022-01-25T03:31:54Z
ethnologist,Foucault's Pendulum,-en,2022-01-25T03:37:22Z
infulas,Foucault's Pendulum,-en,2022-01-25T03:41:10Z
thurible,Foucault's Pendulum,-en,2022-01-25T03:41:43Z
unheimlich,Foucault's Pendulum,-en,2022-01-25T03:47:28Z
vacui,Foucault's Pendulum,-en,2022-01-25T03:52:32Z
sacristy,Foucault's Pendulum,-en,2022-01-25T03:52:51Z
jacaranda,Foucault's Pendulum,-en,2022-01-25T03:53:04Z
sacristan,Foucault's Pendulum,-en,2022-01-25T03:53:15Z
famuli,Foucault's Pendulum,-en,2022-01-25T03:53:36Z
Pantagruelian,Foucault's Pendulum,-en,2022-01-25T05:20:30Z
marzipan,Foucault's Pendulum,-en,2022-01-25T05:20:40Z